0d1918fc23a1ed35c9b2df01f14d051d36947f08	audiolib/public/include/fx_man.h
e3cdf38daf94b7d97da4f28b8e6026b186689b0a	audiolib/public/include/music.h
86268e73ea939cbd241a0be61e6205d7128707b6	audiolib/public/include/sndcards.h
0a65e977e6e40f043ede27e0b4d74a41dded5c61	audiolib/public/include/task_man.h
8f84d59fc1a50bcb6859424ed75a8265e31e4fa3	audiolib/public/include/usrhooks.c
f0fabd348fc9dfcb830aa9b3058e448296938a65	audiolib/public/include/usrhooks.h
70408a65990bf0a8240efaec4300c1e7de934380	audiolib/public/pm/source/pm.c
8f84d59fc1a50bcb6859424ed75a8265e31e4fa3	audiolib/public/pm/source/usrhooks.c
f0fabd348fc9dfcb830aa9b3058e448296938a65	audiolib/public/pm/source/usrhooks.h
0759d2e205c04e4ffcde2602d9632040d167436a	audiolib/public/ps/ps.c
8f84d59fc1a50bcb6859424ed75a8265e31e4fa3	audiolib/public/ps/usrhooks.c
f0fabd348fc9dfcb830aa9b3058e448296938a65	audiolib/public/ps/usrhooks.h
badb569ef650d1f4a12962f4071b0522a58b60b6	audiolib/public/timer/source/timer.c
8f84d59fc1a50bcb6859424ed75a8265e31e4fa3	audiolib/public/timer/source/usrhooks.c
f0fabd348fc9dfcb830aa9b3058e448296938a65	audiolib/public/timer/source/usrhooks.h
d76cd6ec62dde62c461f73065418dfb76a2a66e2	audiolib/source/_al_midi.h
1403d1a7661a0b6dfd65d489d09453192adb754a	audiolib/source/_blaster.h
719ac095d1d6aa14855fb4fa5656c5701b1604f6	audiolib/source/_guswave.h
29ebde9f90cb9b6ee038b954dad82246d1dfcf2b	audiolib/source/_midi.h
eec2d7ae89e32a06532509a97eb35bf881236093	audiolib/source/_multivc.h
1d98ca8c1064500ce0c60e7731d3874cbc2df42e	audiolib/source/_pas16.h
37f718f5e7a63d2f6a5eb53d642171c7f39bb5fa	audiolib/source/_sndscap.h
87243dc16cee104dc294d3af1959ac8862811cf1	audiolib/source/adlibfx.c
d1e9f9f5774b4fda503be5c455986fd7493b48d0	audiolib/source/adlibfx.h
88a691b6d6e7a18b2de57d717e1a4773bba4cc7e	audiolib/source/al_midi.c
d4c970116cf948d391b92db8f189d288c4e31ab9	audiolib/source/al_midi.h
fded9ab750e1359a87c20d50b3c186c52a3ebf48	audiolib/source/assert.h
aa22ccc86a483ce69f61c94c5d67b0892fc9cf9a	audiolib/source/awe32.c
cea0dba0bd76c5db97680256cdcdb56b2d8724bc	audiolib/source/awe32.h
ca0c903f925ca755d6fc9c96ecc756b4e02dc90e	audiolib/source/blaster.c
1d1a6d6486c4e5c47946af26abb20b84998d8c70	audiolib/source/blaster.h
2e91429ddb73c771abc7cb98e15980443d8f2dbc	audiolib/source/blastold.c
03cad2045358874aac0752038b2244d7f05d631f	audiolib/source/ctaweapi.h
8ece355e5809a980d0cdd2865372aa982f0e6549	audiolib/source/debugio.c
f624e5f45da7963d6e78c442f9f174eced318902	audiolib/source/debugio.h
8ea34a70e20c96c160275a019e4d9590870cc7e1	audiolib/source/dma.c
0e0a9aa613d5a774c9efd8ef5d097832fb0d2ebe	audiolib/source/dma.h
e536710ed7c1e5c0fa2a735c392b651f0e4067c6	audiolib/source/dpmi.c
8de19accd4a560989733b68542777a4a21cff9a0	audiolib/source/dpmi.h
a270801ce9bd286fa9ef50798511329f150bb90d	audiolib/source/fx_man.c
0d1918fc23a1ed35c9b2df01f14d051d36947f08	audiolib/source/fx_man.h
112efed47f99ef2044d2a01205e1c0a70a0e35e2	audiolib/source/gmtemp.c
5d7abe6da067c9b46cba934b4aeb7da84953189f	audiolib/source/gmtimbre.c
04dc8138c3eb88db39738d529d1ee31bdfccd21e	audiolib/source/gmtmbold.c
644bf2e41c93139221d0c0551b39502604175bfe	audiolib/source/gus.c
8ec4f97aa9a11568361b8bd39a7f4f9b4f6584b3	audiolib/source/gusmidi.c
753f3009fe705e6559290ee51e520fa3d6c5f99e	audiolib/source/gusmidi.h
f67ee2662a7b1c44704e37fac41f89c740abc9e4	audiolib/source/gusmidi2.c
85d6337d6faf306056e68d28b5ddfabc1d3f516f	audiolib/source/gusmidi2.h
dd1269bcb379c452beec059eb1989f2cd0bf8dc3	audiolib/source/guswave.c
25f2e2e1086776694c8040c39581530c163ae6f6	audiolib/source/guswave.h
6a65346ca73bbf3d605ddf1b2e8199d08af54e87	audiolib/source/interrup.h
6629dc959437a77dc737bf35c96bbf93a2cd5b37	audiolib/source/irq.c
2b404ac3ba3dce54ea32d6fef6bff3f6c7be02aa	audiolib/source/irq.h
d096cc5279313f58138d7e8725813e2f10135d75	audiolib/source/leeold.c
b1a862beeb7a4bb7f1af383c37fb82ecd27bae19	audiolib/source/leetimb1.c
f7f9620e7c1bcc4462b17d126b926ed59900449f	audiolib/source/leetimbr.c
17c0d9ea114d994f5faa460f5808cf726f9907f8	audiolib/source/linklist.h
9a7866cf0136ba6131c95be1d90466609ddc452a	audiolib/source/ll_man.c
ad717855d6638b0bbb62eb24893f1470d882069b	audiolib/source/ll_man.h
2f5555286d37d8b4283c3fad9d48171f6b774169	audiolib/source/memcheck.h
2fced28b284bcfe6ed68a11847f02eb3202d6a92	audiolib/source/midi.c
aeeb8fc33fb731be69f1c6184ea4d993133ed785	audiolib/source/midi.h
efa71a8b4021841294d2ca2f27e2c99e7993e94f	audiolib/source/mpu401.c
14b908ac898095f10ad9ecbabd18de313021f5a6	audiolib/source/mpu401.h
6560251850da3053cc873dd083fe5c939218bd23	audiolib/source/multivoc.c
a8b994ecd57f9cc6c8ec76a4b8e2e715a779d183	audiolib/source/multivoc.h
af5f1fe3032d980269956b6c66d186bfa763114e	audiolib/source/music.c
e3cdf38daf94b7d97da4f28b8e6026b186689b0a	audiolib/source/music.h
14f3f054f744812dde800ac01caed16342b19cf3	audiolib/source/mv1.c
23b0cbab8df9984a03f0ca5f142ad68dc34cd781	audiolib/source/mv_mix.asm
f9d791ab727486c05b9eb390d5a2fd024392a0aa	audiolib/source/mv_mix1.asm
0de3cc5a19a76ffe8626422701eaa1ec6410d0e1	audiolib/source/mv_mix16.asm
af7c03844333009533ee0eb694653e06ad3858d0	audiolib/source/mv_mix2.asm
f514ecd5015149d2e05dd43e71e7123d5a677e11	audiolib/source/mv_mix3.asm
855077f4bfbd8a1d2756107a845cef0257dbe57f	audiolib/source/mv_mix4.asm
1ccdd8c3eada2249c2873959c4eb06369971ab0d	audiolib/source/mv_mix5.asm
ec228be42e1ed28d9d9202cf6e8beee31582c361	audiolib/source/mv_mix6.asm
b03238e371cb0a3d2ab9aed0abe56097300a0815	audiolib/source/mvreverb.asm
c6867555ff5bd01e6409699bfb3eb4f8063aa8c2	audiolib/source/myprint.c
cd5da3f40e11140776d5403e36725791af18a45a	audiolib/source/myprint.h
f0dfa1afac5d355af72cede324eac19732d92df1	audiolib/source/newgf1.h
04dc8138c3eb88db39738d529d1ee31bdfccd21e	audiolib/source/oldtimbr.c
1dd4aa3d5dcb9da04c6912d9b53ed51174988521	audiolib/source/pas16.c
95ae1a7e4d424950277e61b73632bf34c8c9bf13	audiolib/source/pas16.h
b994b706dd7237e535bba595e1b694d7aa583d3e	audiolib/source/pcfx.c
1de511f4118259da58e95b94dcb5a5dd64fbdf37	audiolib/source/pcfx.h
8a09f3289e3fbc4232adf921123b3f234b667910	audiolib/source/pitch.c
59d48685f4fcc7c5875437be08693eb170326720	audiolib/source/pitch.h
86268e73ea939cbd241a0be61e6205d7128707b6	audiolib/source/sndcards.h
20b3e90668e0b889ec92ef807a2db97ade54a450	audiolib/source/sndscape.c
b2ee6db57bbee90c61413a1300e944a03774493c	audiolib/source/sndscape.h
9e522d973fd27199b01660a0ae1d015b4ccaee7a	audiolib/source/sndsrc.c
e9ff1d4cf77cc4801e7d0daf1198e04536ccf007	audiolib/source/sndsrc.h
fbd21b0a8df6fd081d822d4661df99a6f0741474	audiolib/source/standard.h
f4ac07960fd540b725da69709e3810df8bf5a2c6	audiolib/source/task_man.c
0a65e977e6e40f043ede27e0b4d74a41dded5c61	audiolib/source/task_man.h
7a9a6f8d17bb9554eb161754b21a35984b9e7e90	audiolib/source/user.c
cc49b3220a2e3997cecfbbafa9fc58acb699078f	audiolib/source/user.h
8f84d59fc1a50bcb6859424ed75a8265e31e4fa3	audiolib/source/usrhooks.c
f0fabd348fc9dfcb830aa9b3058e448296938a65	audiolib/source/usrhooks.h
59acced945aad9806a147951f9aa9d9ee595b874	rott/_engine.h
2c70e6787fb267c7a917de746bc14821fc60fc12	rott/_isr.h
29b29b359e4c95910a53b5f3d511daa27539fb06	rott/_rt_acto.h
c4d540b0ac7ea716df396f999d89bdd44ec7801a	rott/_rt_buil.h
7335f34598cd4743c8234452b58b0a0d8256c26b	rott/_rt_com.h
b8e6a56e7ede2e60c278ea42fba2c930d49eb43e	rott/_rt_dman.h
2e2c9c2c3b361d6a14d0689c92abd0ad8712ba3f	rott/_rt_door.h
3988318ebfd21b7a7e46399bc5903d26b1deee89	rott/_rt_draw.h
e79ab91007145cd2020d02623a2c7cd89ba68a4d	rott/_rt_film.h
c8126ede71a67eae27e78388b77b127c3d43bdc7	rott/_rt_floo.h
71efc5e854037af461562416c5c407e2070c3380	rott/_rt_game.h
61e7a48977921ff95bf42d3284de5908ec9dc07b	rott/_rt_in.h
dfa08928b21dd24b9f05e8594d696ed9b1548913	rott/_rt_main.h
c04bb910ea2c0ae8d9a703f9ffe0aa54e35736a2	rott/_rt_map.h
b7a135950da539cc0c9017618ebac06e8ebd5bdb	rott/_rt_menu.h
2cb1609fe3741c1f7276fc092b9492e4bba57fcf	rott/_rt_msg.h
acdf1a72123f60ca42dd9f5aaed01ee8d7ad4abb	rott/_rt_net.h
b603141fd9790ab7aae1e0b3a5b187c410d1559d	rott/_rt_play.h
7f40a3cb73450b9ddda44a9c079ac34fb7223fc7	rott/_rt_rand.h
73d65c66633dddca3805b9e2f0c273f47996782e	rott/_rt_scal.h
4c7e822e27700f4109c90d549d25f242fe339a5b	rott/_rt_ser.h
aca0dfe99ba6fb1cdd03c322a940dcf1b299121d	rott/_rt_soun.h
5ce805cf859048f677dd34591c8488cab222a3cd	rott/_rt_spba.h
743efd3a03ce4716e036404dd92a24d68a4f16ad	rott/_rt_stat.h
b534b3a1e5260829f562b1e0a89443609f1174c4	rott/_rt_str.h
0089bfdc59453d40fd682fa7dbd590cfea5999c4	rott/_rt_swft.h
82fc89e7e19f47f6d3157583ac8e0fedc43d93ee	rott/_rt_ted.h
fac57a34e91c966190c641186e242cae8f815a6a	rott/_rt_util.h
e8424538a2794960ec2677907864c71607c4c9de	rott/_rt_vid.h
d8bc531b46f997431411808d97b934b5c6d08cb4	rott/_st_menu.h
20f5b94d768ee71bbaea76d714bebfbeb9866b7c	rott/_w_wad.h
43325b4f5b1ae5c5eba83f4e4963797759bbcb3d	rott/_z_zone.h
fafaba9e5c450fe5d28bc81c8742aea2f7930bf7	rott/cin_actr.c
c0eaadfe9eb240e5ec4ab59084e024fe23f9bafc	rott/cin_actr.h
5c6566aab53fca28fdfc083d5d9c08b9adb18e94	rott/cin_def.h
7fa90c6406be205f1e13f70cde829381814fc222	rott/cin_efct.c
e8882e1a0f93e5bf360288440444b53639788b54	rott/cin_efct.h
d87c64346cc243af4dc4a3d41f854770de24e3b9	rott/cin_evnt.c
d7d79fd1d2a792ca8ef5044cc774ffa2e18cb531	rott/cin_evnt.h
2b6c3db7402544a71509d9a79fbfc774444273eb	rott/cin_glob.c
aad701f5170f1a40bc09d36865e37b7fe0af9cef	rott/cin_glob.h
ce3f84fe22406db9204c6816ed022d569a761856	rott/cin_main.c
dce77657fe929edd079061f9b1c8b30283540e1b	rott/cin_main.h
4122ee5c7024bce8d80c208798434935c5d4d7e8	rott/cin_util.c
1598faa719787fcdf24aac893dd8f2da28897523	rott/cin_util.h
b2aacbde6d2434b7f6fe7c9849d7eccbeae98778	rott/develop.h
e5d1efd28916546d2d4cdd5766d86b3f8ac6b613	rott/engine.c
013afbd047ec0d2d137846b0e814c1cf89da1e82	rott/engine.h
e1cf1b95424b12e7851b7acd034e24c5247b5365	rott/f_scale.asm
044f2c9a398d39f8245c83486c6cd2a237ca7c2b	rott/f_scale.h
1f9ad1524b0b968bc435056b210da8f464b44128	rott/fli_def.h
3200d698c449228d7efc2205259161c805a3628f	rott/fli_glob.h
f861ceab527578d6ec0ae8ed5240cd0e8cb83979	rott/fli_main.c
eea53e0c6a430a40aabd865ac37df5fa2c5803f5	rott/fli_main.h
114ea3f1ddab739849d2c26eee9d06bf03e8d13b	rott/fli_type.h
fd68a91da51622c44c5bf7eb1ba8363a324b6885	rott/fli_util.c
269882bd422134a8a3cf908ee784e51358705a37	rott/fli_util.h
0d1918fc23a1ed35c9b2df01f14d051d36947f08	rott/fx_man.h
386a79d5fc2f7bb0ab3b7ac6ebde565b0e63c4ef	rott/gmove.h
c2a7228eeadeabb60bcf9ea7a98d91ac9eaea029	rott/isr.c
395e910e65627ddcc386df6bd819d140caf5973a	rott/isr.h
aca4dd0b8939bf659c0ab173a7b01affd6000c0d	rott/keyb.h
f43b272332a8b597fa0f6f51f0c9562d5b70c2b7	rott/launch.h
772ec2751226f24a8ecdda891aa9db7af465abb6	rott/lookups.c
23b714e12494c730c5f26ff89128c3e30ee631e9	rott/lumpy.h
5fb9838e68beaead84a9ec6d5d1a4558b4066430	rott/mapsrot.h
6395da7e7bfb6195512106e0fa07decccb7d22cd	rott/memcheck.h
1abedcc7daeec3d12de78a8f899f141f18231f8a	rott/modexlib.c
03f626c6a5b6c078f91e08b0be166ae1a1ac3f45	rott/modexlib.h
a3736ce71a879f48dd638757e85c0780bf778264	rott/mouse.h
e3cdf38daf94b7d97da4f28b8e6026b186689b0a	rott/music.h
cd5da3f40e11140776d5403e36725791af18a45a	rott/myprint.h
0a2cee5b5291acc2933173cfd8ed5e37911fa59a	rott/profile.h
52afbf88948269b115706f6fbfbc19d42c27b983	rott/r_scale.asm
07420b06ab38c94cebde4a8fc58d30d82c069ad2	rott/rand.asm
cce9e927f927e17e7c118e19505cf800c52545b8	rott/rottnet.h
a3421c3a45ac451e73f02786de3313c076cd6a3c	rott/rottser.h
d94f2607e53efc188fd2be58f2d7f09a16d4902b	rott/rt_actor.c
74dfb412026c14f7bf9eeee8227ddd4747cf8b8d	rott/rt_actor.h
fc91f0864a741ed57f65d6d4658f8675ed2bb01f	rott/rt_battl.c
d468a4c0c8bee1c63ed5747274286e94bd250cbc	rott/rt_battl.h
7b6dc2683ab39520baf7b777eff09a97df53a19d	rott/rt_build.c
bbbbea633ca2b7052e5b65a47dd46800a1ed3544	rott/rt_build.h
62fd0cd72ec7794297569aaf8f7e6f922dcb8045	rott/rt_cfg.c
709e1158f6cf4515fd8a0359b7bbd4965b1c99fc	rott/rt_cfg.h
0c9e4deff9eeef388858599803994bafe709c9b4	rott/rt_com.c
a4a2c724793f84fed001bec284e3270d1b2d5ba5	rott/rt_com.h
77e1a30662a32c3ba583fa1154359b1df74c3dda	rott/rt_crc.c
f84de3c657b5c40150addae1a210681f58d5e00e	rott/rt_crc.h
d5690adee7263a22773a24eb7750bca940fa6644	rott/rt_debug.c
0b0b85c3d625e2ebc0ba5030f3276e91c2c188a8	rott/rt_debug.h
709b0790e85c461831ae4f3cff2ee59a1a692cae	rott/rt_def.h
0d046d4f6a48105f76ee772e4410a41f0d7e0466	rott/rt_dmand.c
753aa20681cc32422afb5d3dee74a071b7a6e0eb	rott/rt_dmand.h
7dc56e441339d0b8a5025ca238f0e9406a0e3b59	rott/rt_door.c
b46d0575af99731f6df9c22d3d324754a5048c98	rott/rt_door.h
6e937167d1588186556e7a421f4e362c81b4f52e	rott/rt_dr_a.asm
4f5d70ffb7c9b338164b187f156dabf0b145b253	rott/rt_dr_a.h
b989fa43043b2ef73ee480e217515dce61136c52	rott/rt_draw.c
e614bd91dd05c257381cbac144573ce9530abc6b	rott/rt_draw.h
a500a9bf2d5301f61fad21a3ced53c4220e5c3dd	rott/rt_eng.asm
8fb6cf5f95f5f0a910337b20e7c34787e5e115e4	rott/rt_eng.h
4130fa80f4a866a5c3ef5b6bfb75abefb6c50e96	rott/rt_error.c
fe426db2dfd94e26e2cdcba8e940b2f015b45506	rott/rt_error.h
179f63906069034c6a06cfdb203fffd386a42f2b	rott/rt_fc_a.asm
98106e6be25ba985b87726161d4c57591df54a39	rott/rt_fc_a.h
490a68f52ecc31c67deafc87b67a468c259c2a9b	rott/rt_film.c
da163ca724512fda0ca4d0b08fd6fa9b317fb457	rott/rt_film.h
67968ade0720c0a9ad5001a63c6eec7ca2a28f1d	rott/rt_floor.c
0eb28b2af2aea08a9ad1cb3edf3558c3be073969	rott/rt_floor.h
623111a00bc7309eed03438ef1ac1bfb27a1b616	rott/rt_game.c
533125caf82002c166a81760c1cd439716db80e5	rott/rt_game.h
b947f3fe6c3cc957cb62e8a511e2f1595d881d19	rott/rt_in.c
09060c1a4fce1e320073dd0f32e3e9abab7a290c	rott/rt_in.h
99089cedfd5183aacf0a003e0ff55a949d6985f8	rott/rt_main.c
cdb08a68970661bfc1ae914f451be7e516e1e4f1	rott/rt_main.h
d34907aa69325e7c56ffc1ef8707481c2d10e7f3	rott/rt_map.c
a03c7854f5cfff79cc48d2d69836b1fbc2928982	rott/rt_map.h
28c8bdac5ecc1909358c0c0be47e354f99da5e8d	rott/rt_menu.c
2b75de60e9877fee2aa148db93920572c8d59d37	rott/rt_menu.h
c8b9ec622618a9c6c0af223b48b2b0fe93bbbc96	rott/rt_msg.c
56ecb46c9a6f4837a208197041e6da13ee638dbb	rott/rt_msg.h
72453da88d76698b60a59b58b750e17e6b9e76d0	rott/rt_net.c
790fda91239aa0fe3fe1b878094bf184238c2924	rott/rt_net.h
a2375ecd9a19ce913439bf7e37ca479f1e7a303d	rott/rt_playr.c
bc2b7ca85ccccdb158e37c92a2ecdbadb94d74a1	rott/rt_playr.h
42ce354872308caa0ccad16be8c015acfc9b8730	rott/rt_rand.c
b5633cc7b98c3d2748cefa306c9e4be1212a3b97	rott/rt_rand.h
51a26244ea785912a6e4f8da53e6785ec409e38f	rott/rt_sc_a.asm
c5fc6a38abce50d2bbd129aae6bc2a86cbf0f635	rott/rt_sc_a.h
eb1dd55249dc07e517299cc02d3495ca4e34590d	rott/rt_scale.c
f9d593c4f69fcbd5975215155dfa7dfc78d0f815	rott/rt_scale.h
03e0d3b942da61c107bcbb945ecfbe875efaea31	rott/rt_ser.c
c6de4e90a15444d9c0fc8eab3b6d49bcdd544077	rott/rt_ser.h
9c630fa84fb012d8cdbf6ae0708ecb81c60e9967	rott/rt_sound.c
bc03fb7e1f46e56ae4ef373524a8ab31b40119a2	rott/rt_sound.h
ed97656e40b3ae56e90f7faa39d43f2cff8f9c7b	rott/rt_spbal.c
0872a6145e430f9f07ca991dc865c73b318f6003	rott/rt_spbal.h
564573f4af6eb9ddb15a066a69a32962b0dd8c28	rott/rt_sqrt.h
84bf5c3c175c540e09f5bb2cc5295a33c4318870	rott/rt_stat.c
025409ac7651aeba9f65b0cc97aec8457a599c75	rott/rt_stat.h
e4ba7768c6e9dbac33fa5e8e2ceb8ef431240ff9	rott/rt_state.c
c21d40b4ef38c9c5be7c20a729cdd961beb6e0eb	rott/rt_str.c
50f006cb3d6362ab4532501488c5ce7d557ca301	rott/rt_str.h
444f44decf106793f9807346530ee076473a448c	rott/rt_swift.c
0a90e91706f686b32f9623a8821d6894b044abe3	rott/rt_swift.h
74111e01bc23f12ed9edb45d770f5e709f93de9e	rott/rt_table.h
b9b6362cba9fd5f6cfdb8af566019561ad5b3030	rott/rt_ted.c
cea09eea4bea558460232cb1632064ab6463855d	rott/rt_ted.h
82a7b08275ad48020feae766ab18d6954fefe519	rott/rt_text.c
0eba66aa1408c5271a02ce8e9d3927bb49517839	rott/rt_util.c
e910677c9f037efc6ac1d5614e51da9ca138ff31	rott/rt_util.h
c110643d7ceca797d29603f8869b29a543ccd0a2	rott/rt_vh_a.asm
461013ad21fe3d80eba1eab12b31a0cf1c1820fe	rott/rt_vh_a.h
a167444a756e6088b799074e924349f0b915deec	rott/rt_vid.c
ef645327a6065acabe1bd68adbb3e716d14d667c	rott/rt_vid.h
c27b43ee938ca4078df734956ae3f5e48b5c03c9	rott/rt_view.c
40ae2dffc8b9b799fdb168ae5e9a4fefee25bec6	rott/rt_view.h
c767a1a0ca48801e60489b0f71839fc62e5d3e1e	rott/sbconfig.c
17bb8c1db1bef63c95ec9e836a8cf2b7bf0f0e68	rott/sbconfig.h
65cd80a09727b6d81b14c014cbc00762d388f210	rott/scriplib.c
b1071a93b7765f8dfd60921b306620c2323b9886	rott/scriplib.h
f0dc891183bfd10dc1c4d099976f6a2d2d157b14	rott/snd_reg.h
eae58ea87a49ff9185049edecf10dd370b098563	rott/snd_shar.h
0d8a8147f1115dab5dda41decb55c490308e6720	rott/sndcards.h
7340cb1d731c2433b3dcedd19d292c838d1fbaac	rott/splib.h
5f18fe4913713f98b658bb6ba764563a36962720	rott/sprites.h
b2c638d1dbb43346b8dbc7313cbff5e0f2224128	rott/spw_int.h
00d1792a129f8cd9ff98eaa86abdc045105a92b8	rott/states.h
b1bb6444efe6f44b3fb1d0e242e9251d327361c2	rott/task_man.h
ef706a76d01171bd26fa97d072e7e630592baac4	rott/texture.asm
655c0a827c53b7e32ebe2e3bdc74a3a29d56f03a	rott/texture.c
761b0df81af5b87ca41850830cf8cf458605c044	rott/texture.h
ff7443f9ef3a191e093085dff0e77c1c103183df	rott/tsr.h
923d8496db871b5f4c53aafcd53b8bc1af285939	rott/usrhooks.c
f25bdba59e9745f07bcde72c6a15ed34fd7ddb2d	rott/usrhooks.h
2a0ebcf73966366abca0ba546e139d14bcf99ca2	rott/version.h
18905e33840694b0cd530acb1bf51b45c8a08d69	rott/vrio.h
8610c172c6eaceb14dcd17670492f2b95368de6e	rott/w_wad.c
fece2709178daa9dc71aadf1ee6154a8a13118eb	rott/w_wad.h
9e113c127b272e2d15e323710f334a04d0263e08	rott/watcom.h
dc679b9be056f74c2f6beaaa464a23dea8d0ed17	rott/z_zone.c
549ea9d15e3c64f626a51f293c6f6ad6b78fb3a3	rott/z_zone.h
22ef7a0b7db59c953592ad5bdbc73e6f3aa258da	rottcom/rottipx/global.c
d49c486ebd938c615cf861e81ba94c912d7c729f	rottcom/rottipx/global.h
cd54d63f3cb236eab5b26dbb3e3a5bf8b3108d08	rottcom/rottipx/ipxnet.c
b407fbc7aadb3895c70afbbc09a319ad3ddea94c	rottcom/rottipx/ipxnet.h
f71d9511420a084a5cf9ca44a4e500ad0975f786	rottcom/rottipx/ipxsetup.c
9671d761db556dde7f30d303d5ed2d1bdad0a3f7	rottcom/rottipx/ipxsetup.h
32f0566d5679889f20050c40f5c67a73d363ceee	rottcom/rottnet.c
ac59c3196dbb8294dfb29fe27f028f6999c1a7fd	rottcom/rottnet.h
3daf9eca215e6d885045eeb2ab5f4a6ecc56e73f	rottcom/rottser/global.c
a5839cfa62df57b5437135e792b45721dfe8a0b7	rottcom/rottser/global.h
8e24ebe91c2a9fadc341c9034a2142bbb2a24fd7	rottcom/rottser/keyb.h
ac1558a35fba87fdc5abcecfa6594a4714cc0a34	rottcom/rottser/port.c
c6919fe0dd248f3d6d6a87af86ca8bd86b14f847	rottcom/rottser/port.h
455f0ef23b93d4560005e50a2ce14b1b01046b0c	rottcom/rottser/scriplib.c
8ea745e02e07864b083e9b6d170f5d83342b850e	rottcom/rottser/scriplib.h
57a67f32d699a34241158d1a75e893a5a57fcc39	rottcom/rottser/sercom.c
02180bb94479cb8c180303080ad28203d404f92b	rottcom/rottser/sercom.h
63b443c0b8669b4f9f11011778ba0a7d81147585	rottcom/rottser/serial.h
fc1c502320bffcdd2b0ea5859ebf003e2056bb55	rottcom/rottser/sermodem.c
e57127000a4934b0e05d7333d63675bd1de00ff1	rottcom/rottser/sermodem.h
f1e2d082ba8bdf7f9232fc55303d79a6797f40fe	rottcom/rottser/sersetup.c
5943763b7230a89f97d29d5bac142089d12663f1	rottcom/rottser/sersetup.h
e14cc9c7507d4d8ecda51d7266c1c6a349637fea	rottcom/rottser/st_cfg.c
d773679e622f6c6ce391dc0657a1f908949c576a	rottcom/rottser/st_cfg.h
cc8ca13797e53707c81213a8d2ede5c30adfa0d1	rottcom/rt_net.h
cea4088ae932ed67450166ddf46ab397e42214cc	rtsmaker/cmdlib.c
0a794c321ce48c76a7d9cad25195e1a086a631bd	rtsmaker/cmdlib.h
3e6ac91198eed8ebb2f70ffa922d6605e34b1fac	rtsmaker/rtsmaker.c
278625396697d0bfbdfb8d1766e3d4939ee7e277	rtsmaker/scriplib.c
7e5332829b6eac2f3a66ccdc061ba39fd1eeef36	rtsmaker/scriplib.h
